{"cameraMode":{"drawMode":0,"name":"Shaded","section":"Shading Mode"},"sceneLighting":false,"audioPlay":false,"sceneViewState":{"m_AlwaysRefresh":false,"showFog":true,"showSkybox":false,"showFlares":true,"showImageEffects":true,"showParticleSystems":true,"showVisualEffectGraphs":true,"m_FxEnabled":false},"in2DMode":false,"pivot":{"x":6.262879371643066,"y":0.32889002561569216,"z":2.1360812187194826},"rotation":{"x":-0.18626001477241517,"y":-0.5847256779670715,"z":0.14109613001346589,"w":-0.7770553827285767},"size":22.470415115356447,"orthographic":false}