{"cameraMode":{"drawMode":0,"name":"Shaded","section":"Shading Mode"},"sceneLighting":false,"audioPlay":false,"sceneViewState":{"m_AlwaysRefresh":false,"showFog":true,"showSkybox":false,"showFlares":true,"showImageEffects":true,"showParticleSystems":true,"showVisualEffectGraphs":true,"m_FxEnabled":false},"in2DMode":false,"pivot":{"x":-0.09200000762939453,"y":0.4999997615814209,"z":-4.1020002365112309},"rotation":{"x":0.0211667288094759,"y":0.9315171837806702,"z":-0.35900723934173586,"w":0.05711596459150314},"size":13.683436393737793,"orthographic":false}