{"cameraMode":{"drawMode":0,"name":"Shaded","section":"Shading Mode"},"sceneLighting":false,"audioPlay":false,"sceneViewState":{"m_AlwaysRefresh":false,"showFog":true,"showSkybox":false,"showFlares":true,"showImageEffects":true,"showParticleSystems":true,"showVisualEffectGraphs":true,"m_FxEnabled":false},"in2DMode":false,"pivot":{"x":-4.844961643218994,"y":-1.8365459442138672,"z":12.965251922607422},"rotation":{"x":-0.37993940711021426,"y":0.12443053722381592,"z":-0.050695281475782397,"w":-0.9153687357902527},"size":127.13192749023438,"orthographic":false}